{"cameraMode":{"drawMode":0,"name":"Shaded","section":"Shading Mode"},"sceneLighting":false,"audioPlay":false,"sceneViewState":{"m_AlwaysRefresh":false,"showFog":true,"showSkybox":false,"showFlares":true,"showImageEffects":true,"showParticleSystems":true,"showVisualEffectGraphs":true,"m_FxEnabled":true},"in2DMode":false,"pivot":{"x":-3.2994892597198488,"y":-9.033374786376954,"z":-19.136573791503908},"rotation":{"x":-0.060958217829465869,"y":0.9380565285682678,"z":-0.2179678976535797,"w":-0.2623428404331207},"size":0.09087993949651718,"orthographic":false}