{"cameraMode":{"drawMode":0,"name":"Shaded","section":"Shading Mode"},"sceneLighting":false,"audioPlay":false,"sceneViewState":{"m_AlwaysRefresh":false,"showFog":true,"showSkybox":false,"showFlares":true,"showImageEffects":true,"showParticleSystems":true,"showVisualEffectGraphs":true,"m_FxEnabled":true},"in2DMode":false,"pivot":{"x":6.452380180358887,"y":6.353926181793213,"z":-2.971609354019165},"rotation":{"x":-0.10810958594083786,"y":0.6107405424118042,"z":-0.08319846540689469,"w":-0.7802436947822571},"size":0.000017320508050033823,"orthographic":false}