{"cameraMode":{"drawMode":0,"name":"Shaded","section":"Shading Mode"},"sceneLighting":false,"audioPlay":false,"sceneViewState":{"m_AlwaysRefresh":false,"showFog":true,"showSkybox":false,"showFlares":true,"showImageEffects":true,"showParticleSystems":true,"showVisualEffectGraphs":true,"m_FxEnabled":true},"in2DMode":false,"pivot":{"x":-10.894478797912598,"y":-26.715591430664064,"z":-50.393028259277347},"rotation":{"x":-0.011824166402220726,"y":0.8953941464424133,"z":-0.4445266127586365,"w":-0.023930072784423829},"size":0.09087993949651718,"orthographic":false}